id,language,category,query,keyword,response,enabled
1,en,Network & Connectivity,How do I enable or disable mobile bands on FuriOS?,"Enable Bands, disable bands, cellular bands","Go to Settings > Enable Bands, then select the band type you want to toggle (2G, 3G, 4G, etc.) and enable or disable it.",yes
2,en,Network & Connectivity,How do I turn off or on wifi?,wifi,To turn wifi on or off there are two ways. The first and easiest is swipe down from the top of the screen to show the quick view settings options and tap the wifi to toggle it off. It's color will change to disabled/off. The second way is to go to Settings > Wi-Fi and toggle on/off the the Wi-Fi.,yes
3,en,Settings,How do I open the Settings app on FuriOS?,"settings, open settings, access settings","You can open Settings by tapping the Settings icon in your app drawer, or by swiping down from the top of the screen to open the Quick Settings panel and tapping the gear icon.",yes
4,en,Network & Connectivity,How do I connect to a Wi-Fi network on FuriOS?,"connect wifi, join wifi, wifi network",Go to Settings > Wi-Fi. Make sure Wi-Fi is enabled (toggle on). Available networks will appear under Visible Networks. Tap the network you want to connect to and enter the password if required.,yes
5,en,Network & Connectivity,How do I view my saved Wi-Fi networks?,"saved wifi, saved networks, remembered wifi",Go to Settings > Wi-Fi and tap Saved Networks. A popup will appear showing all your previously connected Wi-Fi networks. From here you can see and manage your saved connections.,yes
6,en,Network & Connectivity,How do I forget or remove a saved Wi-Fi network?,"forget wifi, remove wifi, delete saved network","Go to Settings > Wi-Fi, tap the connected or saved network to open its details, scroll down and tap Forget Connection... to remove it from your saved networks.",yes
7,en,Network & Connectivity,How do I connect to a hidden Wi-Fi network?,"hidden wifi, hidden network, invisible wifi","Go to Settings > Wi-Fi and tap Connect to Hidden Network.... In the popup, select your Wi-Fi adapter, enter the Network name, choose the Wi-Fi security type (None, WPA, WPA2, etc.), enter the password if needed, and tap Connect.",yes
8,en,Network & Connectivity,How do I turn on Wi-Fi hotspot on FuriOS?,"wifi hotspot, hotspot, tethering, share internet, mobile hotspot",Go to Settings > Wi-Fi and tap Turn On Wi-Fi Hotspot.... A popup will appear where you can set the Network Name (default: furiphoneflx1s) and Password. Tap Turn On to enable the hotspot. Others can then connect to share your internet.,yes
9,en,Network & Connectivity,How do I change my Wi-Fi hotspot name and password?,"hotspot name, hotspot password, change hotspot","Go to Settings > Wi-Fi and tap Turn On Wi-Fi Hotspot.... In the configuration popup, you can edit the Network Name and Password fields before turning on the hotspot.",yes
10,en,Network & Connectivity,How do I turn off Wi-Fi hotspot?,"turn off hotspot, disable hotspot, stop hotspot","When the hotspot is active, go to Settings > Wi-Fi. You'll see Wi-Fi Hotspot Active with a QR code. Tap Turn Off Hotspot... to disable it and return to normal Wi-Fi mode.",yes
11,en,Network & Connectivity,How do others connect to my Wi-Fi hotspot?,"connect to hotspot, join hotspot, scan qr hotspot","When your hotspot is active, a QR code is displayed on the Settings > Wi-Fi screen. Other devices can scan this QR code to automatically connect, or they can manually search for your hotspot name and enter the password.",yes
12,en,Network & Connectivity,How do I enable Airplane Mode on FuriOS?,"airplane mode, flight mode, disable mobile broadband",Go to Settings > Wi-Fi and toggle on Airplane Mode. This disables mobile broadband. You can also access Airplane Mode from the Quick Settings by swiping down from the top of the screen.,yes
13,en,Network & Connectivity,How do I view Wi-Fi network details on FuriOS?,"wifi details, network info, wifi information, ip address","Go to Settings > Wi-Fi and tap on a connected network. The Details tab shows: Signal Strength, Security type, IPv4 Address, IPv6 Address, Hardware Address (MAC), Supported Frequencies (2.4 GHz/5 GHz), Default Route, and DNS.",yes
14,en,Network & Connectivity,How do I find my IP address on FuriOS?,"ip address, ipv4, ipv6, network address","Go to Settings > Wi-Fi, tap on your connected network, and view the Details tab. Your IPv4 Address and IPv6 Address are displayed there along with the Default Route and DNS settings.",yes
15,en,Network & Connectivity,How do I find my MAC address on FuriOS?,"mac address, hardware address, wifi mac","Go to Settings > Wi-Fi, tap on your connected network, and view the Details tab. Your Hardware Address (MAC address) is displayed there.",yes
16,en,Network & Connectivity,How do I set a Wi-Fi connection to connect automatically?,"auto connect wifi, automatic wifi, connect automatically","Go to Settings > Wi-Fi, tap on your connected network, and in the Details tab, enable the Connect automatically checkbox. The device will automatically connect to this network when in range.",yes
17,en,Network & Connectivity,How do I share a Wi-Fi connection with other users on FuriOS?,"share wifi, wifi other users, multi user wifi","Go to Settings > Wi-Fi, tap on a network, and in the Details tab, enable Make available to other users. This allows other user accounts on the device to use this saved connection.",yes
18,en,Network & Connectivity,How do I set a Wi-Fi network as metered on FuriOS?,"metered connection, data limit, metered wifi","Go to Settings > Wi-Fi, tap on a network, and in the Details tab, enable Metered connection. This indicates the connection has data limits or can incur charges. Software updates and large downloads will not start automatically on metered connections.",yes
19,en,Network & Connectivity,How do I view or change Wi-Fi identity settings?,"wifi identity, bssid, cloned mac, mac address randomization","Go to Settings > Wi-Fi, tap on a network, and select the Identity tab. Here you can view and configure: BSSID, MAC Address, and Cloned Address settings.",yes
20,en,Settings,How do I configure a static IP address on Wi-Fi?,"static ip, manual ip, fixed ip address, dhcp off","Go to Settings > Wi-Fi, tap on a network, select the IPv4 tab, and change IPv4 Method from Automatic (DHCP) to Manual. Then enter your desired Address, Netmask, DNS, and Routes.",yes
21,en,General,What IPv4 methods are available for Wi-Fi on FuriOS?,"ipv4 methods, dhcp, manual ip, shared","Go to Settings > Wi-Fi, tap on a network, and select the IPv4 tab. Available methods are: Automatic (DHCP) - gets IP automatically, Manual - set static IP, and Shared to other computers - share connection.",yes
22,en,Settings,How do I set custom DNS servers for Wi-Fi?,"custom dns, change dns, dns settings","Go to Settings > Wi-Fi, tap on a network, select the IPv4 or IPv6 tab. In the DNS field, enter your preferred DNS server addresses. Separate multiple IP addresses with commas.",yes
23,en,Settings,How do I configure IPv6 settings on Wi-Fi?,"ipv6 settings, ipv6 configure, ipv6 manual","Go to Settings > Wi-Fi, tap on a network, and select the IPv6 tab. Choose your method: Automatic, Automatic, DHCP, Link-Local Only, Manual, Shared to other devices, or Disable.",yes
24,en,General,What IPv6 methods are available for Wi-Fi on FuriOS?,"ipv6 methods, ipv6 options, ipv6 modes","Go to Settings > Wi-Fi > [Network] > IPv6. Methods include: Automatic, Automatic, DHCP, Link-Local Only, Manual (enter Address, Prefix, Gateway), Shared to other devices, and Disable (turn off IPv6).",yes
25,en,General,How do I disable IPv6 on FuriOS?,"disable ipv6, turn off ipv6, ipv6 off","Go to Settings > Wi-Fi, tap on a network, select the IPv6 tab, and set IPv6 Method to Disable. Tap Apply to save the changes.",yes
26,en,Network & Connectivity,How do I only use a Wi-Fi connection for its own network resources?,"network only, local resources, no default route","Go to Settings > Wi-Fi, tap on a network, select the IPv4 or IPv6 tab, and enable Use this connection only for resources on its network. This prevents the connection from becoming your default route.",yes
27,en,Network & Connectivity,How do I view or change Wi-Fi security settings?,"wifi security, wifi password, wpa, wpa2, wpa3","Go to Settings > Wi-Fi, tap on a network, and select the Security tab. Here you can see the security type (e.g., WPA & WPA2 Personal) and update the password. Toggle Show password to reveal the current password.",yes
28,en,Network & Connectivity,How do I change my saved Wi-Fi password?,"change wifi password, update wifi password, wrong password","Go to Settings > Wi-Fi, tap on the saved network, select the Security tab, enter the new password in the Password field, and tap Apply to save.",yes
29,en,Settings,How do I access Quick Settings on FuriOS?,"quick settings, notification panel, swipe down, toggles","Swipe down from the top of the screen to open the Quick Settings panel. Here you can toggle Wi-Fi, Bluetooth, Torch, Hotspot, and view notifications. Swipe down again to expand for more options.",yes
30,en,Hardware Features,How do I turn on the flashlight/torch on FuriOS?,"flashlight, torch, led light","Swipe down from the top of the screen to open Quick Settings, then tap the Torch icon to turn on the flashlight. Tap it again to turn it off.",yes
31,en,Settings,How do I clear notifications on FuriOS?,"clear notifications, dismiss notifications, remove notifications",Swipe down from the top of the screen to open the notification panel. Tap Clear all at the top right to dismiss all notifications at once. You can also swipe individual notifications left or right to dismiss them.,yes
32,en,Network & Connectivity,How do I quickly toggle Hotspot from the notification panel?,"quick hotspot, toggle hotspot, hotspot shortcut",Swipe down from the top of the screen to open Quick Settings. Tap the Hotspot icon to quickly toggle it on or off without going into Settings.,yes
33,en,Settings,What quick toggles are available in FuriOS notification panel?,"quick toggles, notification toggles, quick access","The Quick Settings panel (swipe down from top) includes toggles for: Wi-Fi, Bluetooth, Torch (flashlight), Hotspot, and shows the current date and battery percentage.",yes
34,en,General,Where are screenshots saved on FuriOS?,"screenshot location, screenshot folder, saved screenshots","Screenshots on FuriOS are saved to /home/furios/Pictures/Screenshots/. When you take a screenshot, a notification appears showing the full path to the saved file.",yes
35,en,Network & Connectivity,What tabs are available when viewing Wi-Fi network settings?,"wifi tabs, network settings tabs, wifi options","When you tap on a Wi-Fi network in Settings, you can access these tabs: Details (connection info), Identity (BSSID, MAC), IPv4 (IP configuration), IPv6 (IPv6 configuration), and Security (password and encryption).",yes
36,en,Network & Connectivity,How do I access Network settings on FuriOS?,"network settings, vpn, proxy",Go to Settings > Network. Here you can configure VPN connections and Proxy settings.,yes
37,en,General,How do I set up a VPN on FuriOS?,"vpn, add vpn, vpn setup","Go to Settings > Network > VPN and tap the + button. Choose your VPN type: L2TP, OpenVPN, PPTP, SSTP, Cisco Compatible (vpnc), or WireGuard. You can also import a VPN configuration from a file.",yes
38,en,Support,What VPN types are supported on FuriOS?,"vpn types, vpn protocols, vpn options","FuriOS supports: L2TP (Layer 2 Tunneling Protocol), OpenVPN, PPTP (Point-to-Point Tunneling), SSTP (Secure Socket Tunneling), Cisco Compatible VPN (vpnc), and WireGuard. You can also import VPN configurations from a file.",yes
39,en,General,How do I set up WireGuard VPN on FuriOS?,"wireguard, wireguard vpn, wireguard setup","Go to Settings > Network > VPN, tap +, and select WireGuard. Enter the Connection Name, Interface Name, Private Key, Listen Port (default 51820), and configure your Peers. You can also set MTU and fwmark values.",yes
40,en,Network & Connectivity,How do I configure a network proxy on FuriOS?,"proxy, network proxy, proxy settings",Go to Settings > Network > Proxy. Enable Network Proxy and set the Configuration to Automatic. Enter the Configuration URL for your proxy server.,yes
41,en,Storage & Recovery,How do I import a VPN configuration file?,"import vpn, vpn file, vpn config file","Go to Settings > Network > VPN, tap +, and select Import from file... to import an existing VPN configuration file.",yes
42,en,Network & Connectivity,How do I access Mobile Network settings?,"mobile network, cellular, mobile data, sim","Go to Settings > Mobile Network. Here you can manage Mobile Data, Data Roaming, Enabled Bands, IP Configuration, Access Point Names (APN), MMS settings, SIM Lock, and view Modem Details.",yes
43,en,Network & Connectivity,How do I turn on mobile data on FuriOS?,"mobile data, cellular data, data on",Go to Settings > Mobile Network and toggle on Mobile Data to access data using your mobile network.,yes
44,en,General,How do I enable data roaming on FuriOS?,"data roaming, roaming, international data",Go to Settings > Mobile Network and toggle on Data Roaming to use mobile data when roaming on other networks.,yes
45,en,Settings,How do I configure MMS settings on FuriOS?,"mms, multimedia messaging, mms settings, picture messages","Go to Settings > Mobile Network > Multimedia Messaging Service. Enter the Message Proxy, Message Center (MMSC) URL, Access Point Name (APN), Username, and Password for your carrier.",yes
46,en,Network & Connectivity,How do I lock my SIM card with a PIN?,"sim lock, sim pin, lock sim",Go to Settings > Mobile Network > SIM Lock and toggle on Lock SIM with PIN. You'll need to enter a PIN that will be required each time the device starts.,yes
47,en,Network & Connectivity,How do I view modem details on FuriOS?,"modem details, imei, network status, signal strength","Go to Settings > Mobile Network > Modem Details. This shows Carrier, Network Type (e.g., LTE), Signal Strength, Network Status, IMS Registration, Voice/SMS capability, Manufacturer, Model, Firmware Version, and IMEI.",yes
48,en,General,How do I find my IMEI number on FuriOS?,"imei, imei number, device id",Go to Settings > Mobile Network > Modem Details. Your IMEI number is displayed at the bottom of the modem information screen.,yes
49,en,Network & Connectivity,How do I select a mobile network manually?,"network selection, manual network, carrier selection",Go to Settings > Mobile Network > Network. Disable Automatic to manually select from available networks.,yes
50,en,Network & Connectivity,How do I connect a Bluetooth device to FuriOS?,"bluetooth, pair bluetooth, connect bluetooth",Go to Settings > Bluetooth. Make sure Bluetooth is enabled. Available devices will appear in the list - tap a device to pair and connect.,yes
51,en,Network & Connectivity,Can I receive files via Bluetooth on FuriOS?,"bluetooth file transfer, receive files bluetooth",Yes! Go to Settings > Bluetooth and ensure Bluetooth is on. Your device is now visible and available for Bluetooth file transfers. Transferred files are placed in the Downloads folder.,yes
52,en,Settings,How do I change the display scale on FuriOS?,"display scale, screen scale, zoom, ui size","Go to Settings > Displays and adjust the Scale dropdown. Options include 100%, 125%, 150%, 175%, and 200%.",yes
53,en,Settings,What is the FLX1s screen resolution and refresh rate?,"screen resolution, refresh rate, display specs",The FLX1s has a 720 x 1600 resolution with a 90.00 Hz refresh rate. View this in Settings > Displays.,yes
54,en,General,How do I enable Night Light on FuriOS?,"night light, blue light filter, eye strain, warm screen",Go to Settings > Displays > Night Light. Toggle on Night Light and adjust the Color Temperature slider. Night light makes the screen color warmer to help prevent eye strain and sleeplessness.,yes
55,en,General,How do I enable wake gestures on FuriOS?,"wake gesture, tilt to wake, lift to wake",Go to Settings > Displays and toggle on Wake Gesture to enable the wake gesture sensor. You can also enable Tilt To Wake Gesture to wake the screen by tilting the device.,yes
56,en,Settings,What display customization options are available on FuriOS?,"display customization, vivid mode, hdr, sharpness","Go to Settings > Displays > Display Customization. Options include: PQ Mode (vivid), Display Color, Content Color, Content Color Video, Sharpness, Dynamic Contrast, Dynamic Sharpness, Display Gamma, ISO Adaptive Sharpness, Ultra Resolution, and Video HDR.",yes
57,en,Settings,How do I change the sound output device on FuriOS?,"sound output, speaker, audio output, earpiece","Go to Settings > Sound and change the Output Device dropdown. Options include: Output to speaker, Parking port, Output to earpiece, and Null Output.",yes
58,en,Settings,How do I change the microphone input on FuriOS?,"microphone, input device, mic settings","Go to Settings > Sound and change the Input Device dropdown. Options include: Input from builtin mic, Parking port, Input from back mic, Input from voice call, and Null input.",yes
59,en,Settings,How do I change the alert sound on FuriOS?,"alert sound, notification sound, system sounds","Go to Settings > Sound > Alert Sound. Choose from: None, Click, String, Swing, or Hum.",yes
60,en,General,How do I test my speakers on FuriOS?,"test speakers, speaker test, audio test",Go to Settings > Sound and tap Test... next to Output. A popup will appear allowing you to select and test each speaker.,yes
61,en,Settings,How do I change power mode on FuriOS?,"power mode, performance mode, battery saver, power saving","Go to Settings > Power. Choose from: Performance (high performance and power usage), Balanced (standard), or Power Saver (reduced performance and power usage).",yes
62,en,General,How do I show battery percentage on FuriOS?,"battery percentage, battery level, show percentage",Go to Settings > Power and toggle on Show Battery Percentage to show the exact charge level in the top bar.,yes
63,en,FuriOS / FuriPhone,How do I enable automatic screen brightness on FuriOS?,"auto brightness, automatic brightness, adaptive brightness",Go to Settings > Power and toggle on Automatic Screen Brightness to adjust screen brightness based on the surrounding light.,yes
64,en,Settings,What is Batman power management?,"batman, batman power, power management",Batman is advanced power management for FuriOS. Go to Settings > Power > Batman Power Management to access Batman Power Saving Options for advanced power control.,yes
65,en,General,How do I change the screen blank delay on FuriOS?,"screen timeout, screen blank, auto off","Go to Settings > Power and adjust Automatic Screen Blank. Set the Delay (e.g., 5 minutes) for how long before the screen turns off after inactivity.",yes
66,en,Settings,How do I change the theme on FuriOS?,"theme, dark mode, light mode, appearance","Go to Settings > Appearance. Under Style, choose Default or Dark mode.",yes
67,en,General,How do I change the accent color on FuriOS?,"accent color, theme color, color scheme",Go to Settings > Appearance and select an Accent Color from the color palette to customize the system highlight color.,yes
68,en,General,How do I change the wallpaper on FuriOS?,"wallpaper, background, home screen background",Go to Settings > Appearance and tap + Add Picture... under Background to select a custom wallpaper image.,yes
69,en,FuriOS / FuriPhone,How do I view installed apps on FuriOS?,"installed apps, app list, apps",Go to Settings > Apps. You'll see a searchable list of all installed applications. Tap an app to view its details and permissions.,yes
70,en,Android Apps,How do I set default apps on FuriOS?,"default apps, default browser, default email","Go to Settings > Apps > Default Apps. Here you can set default apps for: Web, Mail, Calendar, Music, Video, Photos, Calls, and SMS.",yes
71,en,Settings,How do I configure removable media autoplay on FuriOS?,"media autostart, autoplay, removable media","Go to Settings > Apps > Default Apps and scroll to Removable Media. Toggle Media Autostart and set actions for CD Audio, DVD Video, Music Player, Photos, Software, and Other Media Types.",yes
72,en,Android Apps,How do I hide an app from the app grid on FuriOS?,"hide app, remove from launcher, hide from grid","Go to Settings > Apps, select the app, and toggle on Hide in App Grid to remove it from the app grid.",yes
73,en,General,How do I enable Do Not Disturb on FuriOS?,"do not disturb, dnd, silent mode",Go to Settings > Notifications and toggle on Do Not Disturb to silence notifications.,yes
74,en,Settings,How do I configure app notifications on FuriOS?,"app notifications, notification settings, notification banners","Go to Settings > Notifications and select an app. You can configure: Show in notifications list, Sound, Show Banners, Show Content, and Lock Screen settings for each app.",yes
75,en,General,How do I add a Google account on FuriOS?,"google account, add google, gmail","Go to Settings > Online Accounts and tap Google. Sign in with your browser to connect email, calendar, contacts, and files.",yes
76,en,Storage & Recovery,How do I add a Nextcloud account on FuriOS?,"nextcloud, add nextcloud, cloud storage","Go to Settings > Online Accounts and tap Nextcloud. Enter your server address (e.g., example.com or 192.168.0.82) to connect calendar, contacts, and files.",yes
77,en,General,How do I add a Microsoft 365 account on FuriOS?,"microsoft 365, office 365, outlook","Go to Settings > Online Accounts and tap Microsoft 365. You can connect using your organization account for email, calendars, contacts, and files.",yes
78,en,Storage & Recovery,How do I add an IMAP email account on FuriOS?,"imap, email account, smtp, email server","Go to Settings > Online Accounts > Email Server (IMAP/SMTP). Enter your Name, Email, Password, and configure IMAP/SMTP server settings with encryption options.",yes
79,en,General,What online accounts can I add on FuriOS?,"online accounts, cloud accounts, sync accounts","FuriOS supports: Nextcloud, Google, Microsoft 365, Microsoft Exchange, Email Server (IMAP/SMTP), Calendar, Contacts and Files (WebDAV), and Enterprise Authentication (Kerberos).",yes
80,en,General,How do I share media to other devices on FuriOS?,"media sharing, dlna, stream media","Go to Settings > Sharing. Enable Media Sharing to stream music, photos, and videos to devices on your current network.",yes
81,en,General,How do I change the device name on FuriOS?,"device name, hostname, phone name",Go to Settings > Sharing and edit the Device Name field to change how your device appears on the network.,yes
82,en,Settings,How do I change the primary mouse button on FuriOS?,"mouse button, left handed mouse, primary button","Go to Settings > Mouse & Touchpad. Under Primary Button, choose Left or Right to set the order of physical buttons on mice and touchpads.",yes
83,en,Settings,How do I add a keyboard input source or language?,"keyboard layout, input source, language keyboard",Go to Settings > Keyboard and tap + Add Input Source under Input Sources to add a new keyboard layout or input method.,yes
84,en,Settings,How do I switch keyboard input sources on FuriOS?,"switch keyboard, change language, input switching",Use the Super+Space keyboard shortcut to switch input sources. You can change this in Settings > Keyboard > View and Customize Shortcuts.,yes
85,en,Settings,How do I configure the Compose key on FuriOS?,"compose key, special characters, accents","Go to Settings > Keyboard > Compose Key. Enable it and choose a key (Right Alt, Left Super, Right Super, Menu key, Ctrl, Caps Lock, etc.). Use compose sequences like compose+o+c for Â©.",yes
86,en,Settings,How do I view keyboard shortcuts on FuriOS?,"keyboard shortcuts, hotkeys, key bindings","Go to Settings > Keyboard > View and Customize Shortcuts. Categories include: Accessibility, Launchers, Navigation, Screenshots, Sound and Media, System, Typing, and Windows.",yes
87,en,Settings,How do I configure the Assistant button on FuriOS?,"assistant button, hardware button, side button","Go to Settings > Assistant button. Configure actions for Short, Long, and Double press gestures. Options include: Toggle flashlight, Open camera, Take picture, Take screenshot, Send Tab/Back/Escape key, and Manual autorotation.",yes
88,en,General,What actions can I assign to the Assistant button?,"assistant button actions, button functions","The Assistant button supports: No Action (Disable), Toggle flashlight, Open camera, Take picture, Take screenshot, Send Tab key, Manual autorotation, Send Back key, and Send Escape key.",yes
89,en,Android Apps,How do I start the Android container on FuriOS?,"android, start android, android apps, andromeda",Go to Settings > Android and tap Start Android Container. You can enable Auto start to automatically start Android on boot.,yes
90,en,Android Apps,Can I run Android apps on FuriOS?,"android apps, play store, android support",Yes! FuriOS runs Android apps via a container. Go to Settings > Android to manage the Android container. You can install apps from Aurora Store or F-Droid. The Android version is LineageOS 20.,yes
91,en,FuriOS / FuriPhone,How do I install Android apps on FuriOS?,"aurora store, f-droid, android app install","Open Aurora Store or F-Droid inside the Android container to browse and install Android apps. Once installed, app icons automatically appear in your Phosh app drawer alongside native Linux apps - no extra steps needed!",yes
92,en,Android Apps,How do I share files between Linux and Android on FuriOS?,"shared folder, android files, linux android share",Go to Settings > Android and enable Shared Folder to enable file sharing between the Linux host and Android guest.,yes
93,en,Android Apps,How do I enable NFC for Android apps on FuriOS?,"nfc android, nfc access",Go to Settings > Android and enable NFC Access to allow Android apps to access NFC inside the container.,yes
94,en,FuriOS / FuriPhone,How do I see which Android apps are installed on FuriOS?,"installed android apps, android app list",Go to Settings > Android and expand Installed Apps to see all Android apps installed in the container.,yes
95,en,Android Apps,How do I wipe Android data on FuriOS?,"wipe android, reset android, clear android data",Go to Settings > Android and tap Wipe data at the bottom to reset the Android container and clear all Android app data.,yes
96,en,Storage & Recovery,How do I change the USB mode on FuriOS?,"usb mode, mtp mode, file transfer","Go to Settings > USB. Options include: MTP (file transfer), RNDIS (Ethernet over USB), and CD-ROM mode. You can also set the USB Power Role.",yes
97,en,Storage & Recovery,What is RNDIS mode on FuriOS?,"rndis, ethernet over usb, usb tethering",RNDIS creates an Ethernet network over USB between your phone and computer. Enable it at Settings > USB. This allows SSH access and network sharing via USB cable.,yes
98,en,Storage & Recovery,What is USB CD-ROM mode on FuriOS?,"cd-rom mode, usb cdrom, virtual cdrom",CD-ROM mode makes your phone appear as a virtual CD-ROM drive to the computer. Enable at Settings > USB and select a CD-ROM image file.,yes
99,en,Settings,How do I configure GPS on FuriOS?,"gps, location, supl server",Go to Settings > GPS. You can configure the SUPL Server for assisted GPS. The default is supl.google.com.,yes
100,en,General,How do I encrypt my device on FuriOS?,"encryption, device encryption, luks",Go to Settings > Encryption to manage device encryption. You can encrypt your device storage for additional security.,yes
101,en,General,How do I add a printer on FuriOS?,"printer, printing, add printer",Go to Settings > Printers and tap Add a Printer... to set up a new printer.,yes
102,en,General,How do I enable the screen reader on FuriOS?,"screen reader, orca, accessibility, blind",Go to Settings > Accessibility > Seeing and enable Screen Reader to have on-screen items read aloud.,yes
103,en,General,How do I enable high contrast mode on FuriOS?,"high contrast, visibility, accessibility",Go to Settings > Accessibility > Seeing and enable High Contrast to make text and windows more visible.,yes
104,en,General,How do I make text larger on FuriOS?,"large text, bigger text, text size accessibility",Go to Settings > Accessibility > Seeing and enable Large Text to increase the size of text throughout the system.,yes
105,en,Settings,How do I change the cursor size on FuriOS?,"cursor size, pointer size, mouse cursor",Go to Settings > Accessibility > Seeing and adjust Cursor Size to make the mouse pointer easier to see.,yes
106,en,Settings,How do I enable visual alerts for sounds on FuriOS?,"visual alerts, flash alerts, deaf accessibility",Go to Settings > Accessibility > Hearing and enable Visual Alerts to flash the screen when an alert sound occurs.,yes
107,en,Settings,How do I enable sticky keys on FuriOS?,"sticky keys, accessibility keyboard, one finger typing",Go to Settings > Accessibility > Typing and enable Sticky Keys to treat modifier key sequences as key combinations.,yes
108,en,General,What accessibility options are available on FuriOS?,"accessibility, a11y options, special needs","FuriOS offers accessibility options in Settings > Accessibility: Seeing (screen reader, high contrast, large text, cursor size), Hearing (over-amplification, visual alerts), Typing (screen keyboard, repeat keys, cursor blinking, sticky/slow/bounce keys), and Pointing & Clicking (locate pointer, click assist, double-click delay).",yes
109,en,General,How do I set a screen lock on FuriOS?,"screen lock, password, pin lock, pattern","Go to Settings > Privacy & Security > Screen Lock. Choose Password (letters, numbers, symbols) or PIN (numbers only) to secure your device.",yes
110,en,General,How do I enable location services on FuriOS?,"location, gps, location services",Go to Settings > Privacy & Security > Location Services and turn it on. You can also control which apps have access to your location.,yes
111,en,Storage & Recovery,How do I clear file history on FuriOS?,"file history, recent files, privacy","Go to Settings > Privacy & Security > File History & Trash. Toggle File History off to stop tracking, or tap Clear History to delete recent file history.",yes
112,en,Hardware Features,How do I disable the camera on FuriOS?,"disable camera, camera privacy, camera access",Go to Settings > Privacy & Security > Camera and turn off camera access to prevent all apps from using the camera.,yes
113,en,General,How do I change the region or language on FuriOS?,"region, language, locale","Go to Settings > System > Region & Language. Set your Language, Formats (dates, times, numbers), and manage Input Sources.",yes
114,en,General,How do I change the date and time on FuriOS?,"date, time, timezone",Go to Settings > System > Date & Time. Enable Automatic Date & Time or set manually. You can also change the Time Zone and toggle 24-hour Time.,yes
115,en,FuriOS / FuriPhone,How do I enable SSH on FuriOS?,"ssh, remote access, secure shell","Go to Settings > System > Secure Shell and enable SSH. If the option is not available, install OpenSSH server by running sudo apt install openssh-server in the terminal.",yes
116,en,FuriOS / FuriPhone,How do I connect to my device via SSH?,"ssh connect, remote terminal, ssh into phone","First enable SSH on your device. Then either: 1) Connect via Wi-Fi using ssh user@phone-ip-address, or 2) Enable RNDIS at Settings > USB for USB tethering, then SSH to the phone's USB network IP (typically 10.15.19.82). The default username is furios.",yes
117,en,FuriOS / FuriPhone,How do I check what version of FuriOS I have?,"version, furios version, software version, about","Go to Settings > System > About to see your FuriOS version, hardware info (MediaTek Dimensity 900, Mali-G68 MC4 GPU, 7.5 GiB RAM), and device name.",yes
118,en,FuriOS / FuriPhone,How do I check for software updates on FuriOS?,"software updates, update phone, system updates",Go to Settings > System > Software Updates or open Upgrades from the app drawer to check for and install updates.,yes
119,en,General,How do I add a user on FuriOS?,"add user, multiple users, user account",Go to Settings > System > Users and tap Add User... to create a new user account. You can also enable Automatic Login from this screen.,yes
120,en,Settings,What is Mobile Settings on FuriOS?,"mobile settings, phosh settings, phone settings","Mobile Settings is a separate app from the main Settings that controls Phosh-specific features like top bar customization, convergence mode, on-screen keyboard layouts, and experimental features.",yes
121,en,Settings,How do I customize the quick settings on FuriOS?,"quick settings, top bar, toggles customize","Open Mobile Settings > Top Bar. Toggle which quick settings appear: Docked/Undocked mode, Dark mode, Night light, Camera, Microphone, Wi-Fi, Wwan (cellular), Bluetooth, Rotation Lock, Battery, Quiet/DND, Flashlight, VPN, Location, Screenshots, and more.",yes
122,en,Android Apps,How do I customize the app overview favorites on FuriOS?,"favorites, overview, dock apps",Open Mobile Settings > Overview. Tap Favorites to add/remove apps that appear in your bottom favorites bar.,yes
123,en,FuriOS / FuriPhone,How do I use haptic feedback on FuriOS?,"haptic, vibration feedback, feedback profiles","Open Mobile Settings > Feedback. Choose from Full, Silent, or Quiet profiles. Full enables haptic feedback for keyboard typing and other actions.",yes
124,en,Settings,How do I change the UI scaling on FuriOS?,"scaling, ui scale, display scaling, compositor",Open Mobile Settings > Compositor. Adjust the Scale slider to change overall UI scaling.,yes
125,en,General,How do I add widgets to the lock screen on FuriOS?,"lockscreen widgets, lock screen customize","Open Mobile Settings > Lockscreen. Tap Lockscreen Widgets to add widgets for clocks, weather, or other information that display on your lock screen.",yes
126,en,General,How do I enable convergence mode on FuriOS?,"convergence, desktop mode, dock mode, hub",Open Mobile Settings > Convergence. Enable Enable docked mode to use desktop mode when connected to the Convergence Hub (HUB1) or an external display.,yes
127,en,Settings,How do I change the on-screen keyboard layout on FuriOS?,"osk, keyboard layout, squeekboard","Open Mobile Settings > On Screen Keyboard. Choose from available layouts like US, Terminal, German, French, Spanish, and others.",yes
128,en,Settings,How do I open or close the on-screen keyboard manually on FuriOS?,"osk toggle, show keyboard, hide keyboard",Hold down the white bar at the bottom of the screen until the keyboard pops open or closed.,yes
129,en,General,How do I enable emergency alerts on FuriOS?,"emergency alerts, amber alerts, wireless alerts","Open Mobile Settings > Emergency Alerts to configure wireless emergency alerts like Amber Alerts, Extreme Threats, and Severe Threats.",yes
130,en,General,How do I view sensor data on FuriOS?,"sensors, accelerometer, gyroscope","Open Mobile Settings > Sensors to see real-time data from your device's sensors including accelerometer, gyroscope, proximity sensor, and more.",yes
131,en,Settings,What experimental features are available on FuriOS?,"experimental, beta features, experimental settings",Open Mobile Settings > Experimental to access beta features that may change or be removed in future updates.,yes
132,en,Settings,What is Batman on FuriOS?,"batman, battery manager, power saving","Batman is the advanced battery manager for FuriOS. It controls power-saving features including CPU governors, offline cores, memory autosuspend, Wi-Fi/Bluetooth powersave, and USB autosuspend to extend battery life.",yes
133,en,Settings,How do I enable CPU power saving on FuriOS?,"cpu governor, power saving, battery life","Open the Batman app and enable Offline (turns off some CPU cores when idle), Governor Powersave (uses powersave governor on all CPUs), or GPU Powersave to reduce power consumption.",yes
134,en,Android Apps,How do I make phone calls on FuriOS?,"phone calls, dialer, call app","Open the Calls app (Phone). Use the dial pad to enter numbers, or tap Contacts to call a saved contact. The app also shows call history.",yes
135,en,Network & Connectivity,How do I add a VoIP/SIP account on FuriOS?,"voip, sip account, internet calling","Open the Calls app, go to menu > Preferences > VoIP Accounts, and tap Add Account. Enter your SIP server, user, password, port, protocol (UDP/TCP/TLS), and transport.",yes
136,en,General,How do I send text messages on FuriOS?,"sms, text messages, messaging",Open the Chats app to send and receive SMS/MMS messages. Tap the + button to start a new conversation.,yes
137,en,General,How do I set an alarm on FuriOS?,"alarm, wake up, alarm clock","Open the Clocks app and go to the Alarms tab. Tap + New to create a new alarm. Set the time, repeat days, and alarm name.",yes
138,en,General,How do I set a timer on FuriOS?,"timer, countdown, kitchen timer","Open the Clocks app and go to the Timer tab. Set the hours, minutes, seconds and tap Start.",yes
139,en,General,How do I use the stopwatch on FuriOS?,"stopwatch, lap timer","Open the Clocks app and go to the Stopwatch tab. Tap Start to begin timing, Lap to record lap times, and Stop to stop.",yes
140,en,General,How do I add a world clock on FuriOS?,"world clock, time zones, international time",Open the Clocks app and go to the World tab. Tap + New to add a city and see its local time.,yes
141,en,General,How do I check the weather on FuriOS?,"weather, forecast, temperature",Open the Weather app to see current conditions and forecast. Add locations using the search function.,yes
142,en,FuriOS / FuriPhone,How do I check CPU and memory usage on FuriOS?,"cpu usage, memory usage, system monitor","Open the Usage app. View tabs for Performance (CPU, memory graphs), Storage (disk usage), and Power (battery and power info).",yes
143,en,Storage & Recovery,How do I check storage space on FuriOS?,"storage, disk space, free space","Open the Usage app and go to the Storage tab to see total capacity, used space, and available space.",yes
144,en,General,What is the Convergence Hub (HUB1)?,"convergence hub, hub1, dock, desktop mode","The Convergence Hub (HUB1) ($70 USD) enables Linux desktop convergence. Ports: 1x Full HDMI, 1x Mini HDMI, 1x USB-A (3.2), 2x USB-C (3.2), 1x USB-C PD 100W (3.0), 1x RJ-45 1Gbps Ethernet, 1x 3.5mm headphone/mic jack. Requires the External Displays app. Learn more at furilabs.com/shop/hub1/",yes
145,en,General,How do I set up the Convergence Hub?,"hub setup, convergence setup, hub1 setup",Connect power to the USB-C PD 100W port (required). Connect your device to any USB-C (3.2) port. Connect an external display via either the Full HDMI or Mini HDMI port. Open the External Displays app to configure your display. The hub will charge your phone while providing desktop mode!,yes
146,en,Settings,Can I use other USB-C hubs with FuriOS?,"third party hub, displaylink, other dock, usb-c hub","Other USB-C hubs with DisplayLink chips may or may not work. FuriLabs focuses on the HUB1 to ensure a perfect convergence experience. For guaranteed compatibility, we recommend using the official Convergence Hub (HUB1).",yes
147,en,Hardware Features,How do I access USB drives on the Convergence Hub?,"usb drive, usb storage, flash drive, hub storage",Plug USB storage into the Hub's USB-A or USB-C ports. The drive will automatically appear in the Portfolio file manager app - no manual mounting needed!,yes
148,en,Settings,How do I use FuriOS with an external display?,"external display, monitor, hdmi, usb-c display","Connect your device to an external display via the Convergence Hub (HUB1). Open the External Displays app to configure your display, or use Mobile Settings > Convergence to enable docked mode.",yes
149,en,Settings,How do I configure external displays on FuriOS?,"external display settings, monitor settings, display arrangement","Open the External Displays app to configure resolution, refresh rate, orientation, and display arrangement for connected monitors.",yes
150,en,Hardware Features,How do I take a photo on FuriOS?,"camera, take photo, picture",Open the Camera app. Tap the shutter button to take a photo. Switch between front and rear cameras using the camera flip button.,yes
151,en,Hardware Features,How do I record video on FuriOS?,"video, record video, video camera",Open the Camera app and switch to video mode. Tap the record button to start recording.,yes
152,en,General,How do I view my photos on FuriOS?,"gallery, photos, pictures, view photos",Open the Gallery app (or Image Viewer) to browse and view your photos and videos.,yes
153,en,FuriOS / FuriPhone,How do I install apps on FuriOS?,"install apps, app store, software","Open the Software app (GNOME Software) to browse and install Linux apps. The Software app handles all permissions automatically - just click Install and enter your password when prompted. For Android apps, use Aurora Store or F-Droid in the Android container.",yes
154,en,FuriOS / FuriPhone,How do I install packages from the terminal on FuriOS?,"apt, apt-get, terminal install, command line install",Use sudo apt install package-name to install packages from the command line. For example: sudo apt install htop. The sudo command grants administrator privileges and will prompt for your password. Use sudo apt update first to refresh the package list.,yes
155,en,FuriOS / FuriPhone,What is sudo on FuriOS?,"sudo, root, administrator, superuser","sudo (superuser do) lets you run commands with administrator privileges. Prefix any command with sudo to run it as root, e.g., sudo apt update. You'll be prompted for your user password. The Software app uses sudo automatically behind the scenes.",yes
156,en,Storage & Recovery,How do I manage files on FuriOS?,"file manager, files, folders, browse files","Open Files (Nautilus) or Portfolio to browse, copy, move, and manage files on your device.",yes
157,en,General,How do I use the calculator on FuriOS?,"calculator, math, calculate",Open the Calculator app for basic and scientific calculations.,yes
158,en,General,How do I use the calendar on FuriOS?,"calendar, events, schedule",Open the Calendar app to view and manage your schedule. Add events by tapping on a date and entering event details.,yes
159,en,General,What is Phosh on FuriOS?,"phosh, phone shell, mobile shell","Phosh (Phone Shell) is the open-source graphical shell that powers FuriOS's mobile interface. Developed at phosh.org, it provides the home screen, app drawer, notifications, and quick settings. It's built on GTK and Wayland.",yes
160,en,General,What are the FLX1s hardware specifications?,"specs, specifications, hardware, flx1s","The FLX1s is a flagship Linux phone with MediaTek Dimensity 900 processor, 8GB RAM, 128GB storage, 6.7"" 90Hz display, triple cameras, 5G, and hardware privacy switches. Learn more at furilabs.com/shop/flx1s/",yes
161,en,General,What CPU does the FLX1s have?,"cpu, processor, chip, soc, chipset",The FLX1s uses the MediaTek Dimensity 900 SoC with 2x Cortex-A78 cores at 2.4GHz and 6x Cortex-A55 cores at 2.0GHz. It's a powerful 6nm octa-core processor.,yes
162,en,General,What GPU does the FLX1s have?,"gpu, graphics, mali, gaming",The FLX1s has a Mali-G68 MC4 GPU for graphics processing.,yes
163,en,General,How much RAM does the FLX1s have?,"ram, memory, how much ram",The FLX1s has 8GB LPDDR4X RAM.,yes
164,en,Storage & Recovery,How much storage does the FLX1s have?,"storage, internal storage, how much storage, gb",The FLX1s has 128GB UFS internal storage. You can also expand storage with a MicroSD card up to 1TB.,yes
165,en,Hardware Features,What cameras does the FLX1s have?,"camera, cameras, megapixel, photo quality","The FLX1s has three cameras: 20MP rear camera (f/1.8), 13MP front camera (f/2.0), and a 2MP macro camera (f/2.4).",yes
166,en,General,What is the FLX1s battery capacity?,"battery, battery life, mah, charging",The FLX1s has a 5000mAh Li-Po battery with wired USB-C charging.,yes
167,en,Network & Connectivity,What cellular bands does the FLX1s support?,"bands, lte, 5g, cellular, network bands","The FLX1s supports: 5G NR (n1/n2/n3/n5/n7/n8/n12/n20/n25/n28/n38/n40/n41/n48/n66/n71/n77/n78/n79), LTE-FDD (B1-B8/B12/B13/B17-B20/B25/B26/B28-B30/B32/B66/B71), LTE-TDD (B34/B38-B43/B46/B48), 3G (1/2/5/8/19), 2G GSM (850/900/1800/1900).",yes
168,en,Network & Connectivity,Does the FLX1s support 5G?,"5g, 5g support, 5g network","Yes! The FLX1s supports 5G and 5G ENDC. It covers many 5G NR bands including n1, n2, n3, n5, n7, n8, n12, n20, n25, n28, n38, n40, n41, n48, n66, n71, n77, n78, and n79.",yes
169,en,Network & Connectivity,Does the FLX1s have dual SIM?,"dual sim, sim slots, two sims, sim card, esim","The FLX1s has 2 SIM slots, but currently only SIM1 is enabled due to lack of app support. The SD card goes in SIM2. While built-in eSIM is not available, you can use eSIM adapters like jmp.chat in SIM1.",yes
170,en,Network & Connectivity,What WiFi and Bluetooth does the FLX1s support?,"wifi, bluetooth, wireless",The FLX1s supports WiFi 6.0 (802.11 a/b/g/n/ac/ax) and Bluetooth 5.2 with A2DP and LE.,yes
171,en,Storage & Recovery,Does the FLX1s have a MicroSD slot?,"microsd, sd card, expandable storage","Yes, the FLX1s has a MicroSD slot supporting cards up to 1TB.",yes
172,en,General,What are the FLX1s dimensions and weight?,"dimensions, weight, size, how big",The FLX1s measures 170mm x 76mm x 8mm and weighs 201g. Box dimensions: 180mm x 90mm x 28mm (total shipping weight: 321g).,yes
173,en,Settings,What screen does the FLX1s have?,"screen, display, resolution, refresh rate","The FLX1s has a 6.7"" HD+ display (1600x720) with 90Hz refresh rate and Asahi Dragontrail Glass for durability.",yes
174,en,General,What hardware switches does the FLX1s have?,"hardware switches, kill switches, privacy switches","The FLX1s has 3 hardware switches on the right side. From bottom to top: Microphone, Modem/GPS, and Camera. DOWN = OFF (disengaged/disconnected), UP = ON (engaged/connected). These physically disconnect the components for privacy.",yes
175,en,Android Apps,What happens if I toggle a hardware switch while an app is using it?,"switch toggle, kill switch issue, hardware switch problem","Toggling a hardware switch while an app is actively using that feature may cause unexpected behavior or app crashes. The OS loses the connection to the hardware. Usually closing and reopening the app fixes this. In rare cases, a reboot may be needed.",yes
176,en,General,What is the FLX1s made of?,"materials, build quality, construction","The FLX1s features a glass back cover, polycarbonate mid frame, and metal keys. It has life waterproofing (splash resistant, not submersible).",yes
177,en,General,Is the FLX1s waterproof?,"waterproof, water resistant, splash proof",The FLX1s has life waterproofing - it's resistant to splashes but should not be submerged in water.,yes
178,en,General,Is there a case for the FLX1s?,"phone case, protective case, rubber case, cover","Yes! FuriLabs offers a custom rubber case for the FLX1s with the FuriLabs logo on the back. It has precise cutouts for all buttons, hardware switches, microphones, and speakers. Available at furilabs.com/phone-case-flx1s/",yes
179,en,Shopping,Can I order phones in bulk for my business?,"bulk order, enterprise, business, mdm, fleet","Yes! VoidPhone.com offers bulk phone orders with enterprise features: custom logos, MDM (Mobile Device Management), dedicated software store, app version testing with Branchy, GPS phone location, remote wipe, and more. Visit VoidPhone.com for details.",yes
180,en,General,What is VoidPhone?,"voidphone, enterprise phones, business phones","VoidPhone.com provides enterprise Linux phone solutions including bulk orders with custom branding, MDM (Mobile Device Management), dedicated app stores, Branchy app testing, GPS tracking, and remote wipe capabilities.",yes
181,en,Shopping,Do I have to pay VAT or customs on my order?,"vat, customs, gst, import tax, duties","VAT, GST, and customs duties are the customer's responsibility and are not included in the order price. Fees vary by country - some countries like Germany and other EU countries may have significant import costs. We don't control what your country charges for overseas purchases.",yes
182,en,Shopping,How much does shipping cost?,"shipping cost, delivery cost, shipping price",We offer a global flat fee of $27 USD per 500g. The exact delivery cost is calculated automatically when placing your order. Make sure to include your phone number in shipping details so couriers can contact you. Verify your address with Google Maps to avoid shipping issues - post code and city must match.,yes
183,en,Shipping,How long does shipping take?,"shipping time, delivery time, how long, when arrive",Estimated delivery: 9 business days (90% of orders) to 15 business days (98% of orders). We select the best shipping provider for each country.,yes
184,en,Shopping,How do I track my order?,"order tracking, track shipment, where is my order","Once your order is dispatched, your account will be updated with tracking information. You can monitor the shipment's route and know when to expect delivery.",yes
185,en,Shipping,What countries do you ship to?,"shipping countries, international shipping, where ship",We ship worldwide except to Iran and North Korea. Shipping costs and delivery times are calculated at checkout based on your location.,yes
186,en,Network & Connectivity,Does the FLX1 / FLX1s work with US carriers?,"usa carriers, verizon, at&t, t-mobile, american carriers",T-Mobile and T-Mobile MVNOs (like Ting) work well. Verizon does NOT work - they only allow whitelisted phones. AT&T has registration and data issues. T-Mobile works great on the East Coast.,yes
187,en,Network & Connectivity,What carriers work with the FLX1 / FLX1s?,"carriers, mobile network, sim card, which carrier","Confirmed working carriers include: USA: T-Mobile, Ting. Canada: Rogers, Fido, Freedom Mobile. Australia: Telstra and MVNOs. UK: Three (SMARTY), Lebara. Germany: Vodafone, Telekom, Congstar, AldiTalk, Blau.de. See full list at furilabs.com/forum/flx1/confirmed-carriers/",yes
188,en,Network & Connectivity,What carriers work in Europe with the FLX1 / FLX1s?,"europe carriers, eu carriers, european networks","Germany: Vodafone, Telekom, Congstar, AldiTalk, Blau.de (O2). UK: Three (SMARTY), Lebara. France: Orange. Romania: Vodafone, Orange. Finland: DNA, Telia, Elisa. Austria: A1, Magenta, Drei. Czech: o2. Italy: TIM, Wind Tre, Iliad.",yes
189,en,Network & Connectivity,What carriers work in Latin America with the FLX1 / FLX1s?,"latin america, central america, south america, mexico carriers","Colombia: Claro. Costa Rica: KÃ¶lbi, Claro (visit a physical store to register SIM). El Salvador: Tigo. Panama: Tigo.",yes
190,en,Network & Connectivity,What carriers work in Asia with the FLX1 / FLX1s?,"asia carriers, india, taiwan","Taiwan: FarEasTone. India: Vi, Airtel.",yes
191,en,Settings,What are the Three UK MMS settings for FLX1 / FLX1s?,"three mms, uk mms, mms settings",Three UK MMS settings: APN: mob.asm.net | MMSC: http://mms.um.three.co.uk:10021/mmsc | Message Proxy: mms.three.co.uk:8799 | Username and Password: leave empty.,yes
192,en,General,Why doesn't my FLX1 / FLX1s work on Verizon?,"verizon not working, verizon problem, verizon imei",Verizon only allows whitelisted phones on their network. The FLX1/FLX1s is not on their whitelist and will not work. We recommend using T-Mobile or a T-Mobile MVNO in the USA instead.,yes
193,en,FuriOS / FuriPhone,What operating system do Furi Labs phones run?,"os, operating system, linux, furios","Our phones run FuriOS, a Debian-based Linux mobile operating system. It uses the Phosh graphical shell and supports both native Linux apps and Android apps via a container running LineageOS 20.",yes
194,en,Android Apps,Why does Aurora Store say apps are unavailable?,"aurora store unavailable, aurora not working, aurora store down, can't download apps","Aurora Store requires an active Wi-Fi or mobile data connection. It is an external store that FuriLabs does not manage. While it works most of the time, it can occasionally have issues outside of our control. If apps show as ""Unavailable"", they may require Google Play Services or be device-restricted.",yes
195,en,Settings,How do I turn off the volume button click sound?,"volume click, volume sound, touch feedback, button sound",Go to Settings > Sound and scroll down to find Touch feedback. Toggle this off to disable the click sound when adjusting volume or interacting with the screen.,yes
196,en,Storage & Recovery,Why can't I see all folders when connected via MTP?,"mtp folders missing, mtp not showing, usb file access, can't see downloads","MTP mode may not expose all subdirectories on some systems. For full file access, use SSH/SFTP instead. Install openssh-server with sudo apt install openssh-server, then connect from your computer using an SFTP client like FileZilla or Nautilus (sftp://furios@phone-ip).",yes
197,en,Storage & Recovery,Why isn't my phone charging with my USB-C cable?,"not charging, usb cable charging, charging problem, cable not working","Some USB-C cables are data-only or have limited power delivery capability. The cable supplied with your FLX1/FLX1s is verified for proper charging. If your phone isn't charging with a third-party cable, try the original cable or a known USB-C Power Delivery compatible cable.",yes
198,en,Community & Links,How do I verify my shipping address before ordering?,"verify address, check address, shipping address, google maps, post code","Before placing your order, verify your shipping address using Google Maps to avoid shipping issues. Make sure your post code and city match. Include your phone number so couriers can contact you.",yes
199,en,Hardware Features,Why won't the payment go through?,"payment not working, can't pay, checkout problem, payment failed","If you're having trouble with payment: 1) Disable all ad blockers and privacy extensions. 2) Use the latest version of Firefox or Chrome. 3) As a last resort, try using private/incognito browsing mode.",yes
200,en,General,Why can't I log in to my account?,"can't login, login problem, account login, password not working","If you created an account but can't log in, please check your email for a verification link. You must validate your email address before you can log in. Check your spam/junk folder if you don't see it in your inbox.",yes
201,en,Shopping,Can I checkout as a guest without creating an account?,"guest checkout, no account, buy without account, guest purchase",We do not offer guest checkout. An account is required so we can provide you with support and warranty service for your purchase.,yes
202,en,Android Apps,Can I pay with Bitcoin or other alternative payment methods?,"bitcoin, crypto, cryptocurrency, ethereum, dogecoin, venmo, cashapp, alternative payment","We do not support alternative payment methods such as Bitcoin, cryptocurrency, Venmo, Cash App, or other similar services. We accept standard credit/debit card payments through our checkout.",yes
203,en,General,Where can I visit the FuriLabs website?,"website, homepage, main site, furilabs site, home page, home link, furilabs page, furilabs link",Visit our main website at https://furilabs.com/,yes
204,en,General,Where can I read FuriLabs reviews?,"reviews, customer reviews, testimonials, feedback",Check out customer reviews and testimonials at https://furilabs.com/reviews/,yes
205,en,Shopping,Where is the FuriLabs shop?,"shop, store, buy, purchase, order, shop page, shop link, store page",Browse our products in the shop at https://furilabs.com/shop/,yes
206,en,Shopping,Where can I buy the FLX1s?,"buy flx1s, purchase flx1s, order flx1s, flx1s phone, flx1s page, flx1s link, flx1s product page",Purchase the FLX1s at https://furilabs.com/shop/flx1s/,yes
207,en,FuriOS / FuriPhone,Where can I buy the FLX1s bundle?,"flx1s bundle, bundle deal, package deal",Get the FLX1s bundle with accessories at https://furilabs.com/shop/flx1s-bundle/,yes
208,en,Shopping,Where can I buy a phone case?,"phone case, case, protective case, flx1s case",Browse phone cases at https://furilabs.com/phone-case-flx1s/ and https://furilabs.com/shockproof-phone-case-transparent/,yes
209,en,Shopping,Where can I buy a screen protector?,"screen protector, screen guard, tempered glass",Purchase screen protectors at https://furilabs.com/screen-protector-flx1s/ and https://furilabs.com/screen-protector/,yes
210,en,FuriOS / FuriPhone,Where is the FuriLabs blog?,"blog, articles, news, updates",Read our blog at https://furilabs.com/blog/,yes
211,en,General,Where can I search the FuriLabs site?,"search, find, look up",Use our search at https://furilabs.com/search/,yes
212,en,Community & Links,Where is the FuriLabs forum?,"forum, community forum, discussion board",Join discussions on our forum at https://furilabs.com/forum/,yes
213,en,FuriOS / FuriPhone,Where can I find the flash guide?,"flash guide, flashing, install os, firmware guide, flash link, flash page, flash url, flashing link, flashing page",View the flashing guide at https://furilabs.com/flash-guide/,yes
214,en,FuriOS / FuriPhone,Where can I see the changelog?,"changelog, updates, version history, release notes",Check the changelog at https://furilabs.com/changelog/,yes
215,en,General,Where is the privacy policy?,"privacy policy, privacy, data protection",Read our privacy policy at https://furilabs.com/privacy-policy/,yes
216,en,Shipping,Where can I find shipping information?,"shipping info, delivery info, shipping policy",View shipping information at https://furilabs.com/shipping/,yes
217,en,Support,What is the refund and returns policy?,"refund, returns, return policy, money back",Read our refund and returns policy at https://furilabs.com/refund_returns/,yes
218,en,Community & Links,Where is the FuriLabs GitHub?,"github, source code, open source, code repository",Visit our GitHub at https://github.com/FuriLabs,yes
219,en,General,Where is the full FAQ page?,"faq page, all faqs, faq list",Browse all FAQs at https://furilabs.com/faq/,yes
220,en,General,Where can I learn about FuriLabs?,"about, about us, company info, who are you",Learn more about FuriLabs at https://furilabs.com/about-us/,yes
221,en,General,Where is the FuriLabs timeline?,"timeline, history, roadmap, company history",View our timeline at https://furilabs.com/timeline/,yes
222,en,General,Where can I see FuriLabs media coverage?,"media, press, news coverage, in the media",See FuriLabs in the media at https://furilabs.com/furilabs-in-the-media/,yes
223,en,Support,How can I contact FuriLabs?,"contact, support, email, get in touch",Contact us at https://furilabs.com/contact/ or email contact@furilabs.com,yes
224,en,General,Where is the FuriLabs Telegram group?,"telegram, telegram group, telegram chat",Join our Telegram chat at https://t.me/furilabs_chat,yes
225,en,Community & Links,Where is FuriLabs on Mastodon?,"mastodon, fosstodon, social media",Follow us on Mastodon at https://fosstodon.org/@furilabs,yes
226,en,Community & Links,Where is the FuriLabs Matrix room?,"matrix, matrix chat, matrix room",Join our Matrix room at https://matrix.to/#/#FuriLabs:matrix.org,yes
227,en,Network & Connectivity,Where is FuriLabs on LinkedIn?,"linkedin, professional network",Connect on LinkedIn at https://www.linkedin.com/company/furilabs/,yes
228,en,Community & Links,Where is FuriLabs on Twitter/X?,"twitter, x, social media",Follow us on X/Twitter at https://x.com/FuriLabs,yes
229,en,General,Where is the FuriLabs YouTube channel?,"youtube, videos, channel",Watch our videos at https://www.youtube.com/@FuriLabs/videos,yes
230,en,Community & Links,Where is FuriLabs on Bluesky?,"bluesky, bsky, social media",Follow us on Bluesky at https://bsky.app/profile/furilabs.bsky.social,yes
231,en,Network & Connectivity,Where can I find APN configuration?,"apn, access point names, mobile data configuration, apn settings, apn url, apn link, apn page",View APN configurations at https://apn.how/ or the full configuration at https://android.googlesource.com/device/sample/+/master/etc/apns-full-conf.xml,yes
232,en,Shipping,Where can I find tracking details?,,Check your Order page in FuriLabs.com. The tracking number and link to further details will be there.,yes
233,en,FuriOS / FuriPhone,How do I SSH into my phone?,,"First install the SSH packages: sudo apt install openssh-server usb-tethering -y. Plug in a USB-C cable to your computer and then ssh furios@10.15.19.82. Alternatively you may need to go Settings > System > Secure Shell and toggle it on. Finally to connect over WiFi, get your IP from Settings > Wi-Fi > Connected Wifi > Click the Gear icon",yes
234,en,FuriOS / FuriPhone,Are other operating systems supported?,,"The Furi Labs team is simply not big enough to support other operating systems other than FuriOS which is fine tuned for our products such as the FLX1. While users are welcome to port other operating systems to the device and use it as they wish, our team does not have enough man power to support this.",yes
235,en,FuriOS / FuriPhone,How to access USB Mass Storage Device,,"To use the device storage in your computer over cable, you can go to settings->USB and enable MTP and change USB state to MTP",yes
236,en,FuriOS / FuriPhone,I bricked my phone because I did something,,You can boot into the recovery environment and do a factory reset which should get the device to a working state,yes
237,en,FuriOS / FuriPhone,Whats the difference between the stable and testing branches?,,Stable is considered our user ready FuriOS and testing can break or have features that have not been tested and can have unpredictable results.,yes
238,en,FuriOS / FuriPhone,Can I use Android apps?,,Yes. FuriOS allows for running apps inside a container running Android codenamed Andromeda. This container has complete integration with the host and makes all Android applications work like native applications,yes
239,en,FuriOS / FuriPhone,How can I use the Ticket Box feature?,,Open up the app Mobile Settings Scroll to Lockscreen and enable ticket box Select a directory to place your PDF's,yes
240,en,FuriOS / FuriPhone,How do I open up the keyboard manually,,You can open the keyboard by holding on the navigation bar at the bottom of the screen,yes
241,en,FuriOS / FuriPhone,How do I back up my phone?,,It is recommended to back up your phone before any monthly update. You can do it easily by following the below steps. Open up a terminal and navigate to the path where you want to save the backup. Download your $HOME directory via scp -r furios@FLX1_IP:/home/furios .,yes
242,en,FuriOS / FuriPhone,Is the device carrier unlocked?,,All Furi Labs devices are carrier unlocked internationally.,yes
243,en,FuriOS / FuriPhone,What is my Wifi IP Address?,,The IP is obtained via DHCP on your network usually. Get your IP from Settings > Wifi > Connected Wifi > Click the Gear icon See the SSH FAQ to connect.,yes
244,en,Support,How do I contribute to the FAQ?,"add faq, contribute faq, submit faq, update faq","You can contribute by submitting a Pull Request to our GitHub repo at https://github.com/FuriLabs/faq/. Fork the repo, add your entry to faq.csv following the format (id, language, category, query, keyword, response, enabled), and submit a PR. Visit https://furilabs.com/new-faqs for detailed instructions.",yes
245,en,Support,How do I contact support for order issues?,"order problem, order issue, defective, damaged, broken, replacement, warranty, rma, contact support","Send email to orders@furilabs.com with subject ""Order 123456"" and your issue. Replace 123456 with your order number and use the email you signed up with. Please attach pictures of the issue. We will fix it.",yes
246,en,Network & Connectivity,How do I disable Wi-Fi MAC address randomization?,"MAC, static, random","Go to Settings, Wi-Fi, Saved Networks OR Visible Networks section, select the gear icon for the SSID, go to the Identity tab, and set Cloned Address to permanent (to use the device's actual MAC address) or stable (to always use the same generated MAC address for this network), then click Apply.",yes
247,en,Network & Connectivity,How do I enable Wi-Fi MAC address randomization?,"MAC, random","Go to Settings, Wi-Fi, Saved Networks OR Visible Networks section, select the gear icon for the SSID, go to the Identity tab, set Cloned Address to random (to generate a new MAC address upon each connect), then click Apply.",yes
248,en,Network & Connectivity,How do I spoof a specific MAC address?,"MAC, spoof, static, clone","Go to Settings, Wi-Fi, Saved Networks OR Visible Networks section, select the gear icon for the SSID, go to the Identity tab, enter the specific MAC to spoof in Cloned Address, then click Apply.",yes
249,en,Android Apps,Can I use banking apps on FuriOS?,"banking, bank","This depends on your bank, some may work out of the box. You can try spoofing a device via the Aurora store if it doesn't.",yes
250,en,Android Apps,My app is complaining about rooted Android?,"root, rooted, rooting, play integrity, play integrity API","There is little that can be done about this. You can try spoofing a device via the Aurora store.",yes